"cenario","metodo","percentual_p","media_r","sd_r","n_r","media_rmse","sd_rmse","n_rmse","media_delta_r","sd_delta_r","n.x","media_delta_rmse","sd_delta_rmse","n.y"
"C1","BAGGING",100,0.879181090617269,0.0141275081289428,5,0.950011037103157,0.0609179027447844,5,0,0,5,0,0,5
"C1","BAGGING",50,0.880167444018347,0.0125489007819918,5,0.945140312294559,0.0551952869756603,5,-0.000986353401077489,0.00229349235338708,5,-0.00487072480859807,0.00824684154205695,5
"C1","BAGGING",25,0.882269007697697,0.0138867045351326,5,0.933588942118026,0.0570077174816834,5,-0.00308791708042764,0.00332643251010181,5,-0.0164220949851317,0.012097782743611,5
"C1","BAGGING",10,0.887734101208674,0.0109337029822508,5,0.908523522620955,0.0560587397121273,5,-0.00855301059140432,0.00512441636923725,5,-0.0414875144822024,0.0141080704776089,5
"C1","BAGGING",5,0.897561527341382,0.0124006140624477,5,0.8629801263171,0.0517710866208001,5,-0.0183804367241128,0.00832327120662996,5,-0.087030910786057,0.0331618011886271,5
"C1","BAGGING",1,0.886100169410271,0.0452833078228311,5,0.901462486172013,0.173586379927227,5,-0.00691907879300182,0.0411430961385357,5,-0.0485485509311448,0.178644335355395,5
"C1","BOOSTING",100,0.913031305624258,0.0119882882717636,5,0.964598326356937,0.0541393351796913,5,0,0,5,0,0,5
"C1","BOOSTING",50,0.912845885960665,0.0149046532608853,5,0.964342636637891,0.0673070825721232,5,0.000185419663592601,0.00348600751606537,5,-0.000255689719045704,0.0138259902200267,5
"C1","BOOSTING",25,0.914481457886039,0.0132522250656631,5,0.956185220137883,0.062432726285365,5,-0.00145015226178158,0.003317915792734,5,-0.00841310621905429,0.014551241843996,5
"C1","BOOSTING",10,0.915259776744251,0.0130692461535202,5,0.949863651637211,0.0632200854230883,5,-0.00222847111999323,0.00219232617041254,5,-0.0147346747197259,0.0103837594508234,5
"C1","BOOSTING",5,0.914783620558727,0.0141444526373694,5,0.94475771458674,0.069596845567098,5,-0.0017523149344697,0.00310148366689074,5,-0.0198406117701973,0.0159213326594771,5
"C1","BOOSTING",1,0.927655068703259,0.0155133259032359,5,0.863494398696068,0.0742922523237024,5,-0.0146237630790017,0.00435306326961295,5,-0.101103927660869,0.0246808697880493,5
"C1","GBLUP",100,0.63640912724717,0.0199012157476382,5,1.50688961894567,0.0173190174117305,5,0,0,5,0,0,5
"C1","GBLUP",50,0.630047264337296,0.0171988701049551,5,1.52110091246118,0.0119348610140576,5,0.00636186290987455,0.00733127036424489,5,0.0142112935155085,0.01355838060011,5
"C1","GBLUP",25,0.628137993886923,0.0168301023322322,5,1.5293637467171,0.0147886468479015,5,0.00827113336024765,0.0111946994315786,5,0.0224741277714294,0.0179812224443199,5
"C1","GBLUP",10,0.653960569314822,0.023532774291249,5,1.48215703973827,0.0269639081487824,5,-0.0175514420676517,0.0118022445301562,5,-0.0247325792073938,0.0214113603967725,5
"C1","GBLUP",5,0.676843327763221,0.040204942607679,5,1.43812270407282,0.0507487128600682,5,-0.0404342005160508,0.02759204083431,5,-0.0687669148728469,0.0519272627276643,5
"C1","GBLUP",1,0.606823179620905,0.0849575285545795,5,1.54166185868743,0.109707470756476,5,0.0295859476262649,0.0776316647449455,5,0.0347722397417634,0.0997348176775494,5
"C1","MARS",100,0.815377901588295,0.0295699769465001,5,1.12646616892735,0.093699242977476,5,0,0,5,0,0,5
"C1","MARS",50,0.815377901588295,0.0295699769465001,5,1.12646616892735,0.093699242977476,5,0,0,5,0,0,5
"C1","MARS",25,0.815377901588295,0.0295699769465001,5,1.12646616892735,0.093699242977476,5,0,0,5,0,0,5
"C1","MARS",10,0.815377901588295,0.0295699769465001,5,1.12646616892735,0.093699242977476,5,0,0,5,0,0,5
"C1","MARS",5,0.815377901588295,0.0295699769465001,5,1.12646616892735,0.093699242977476,5,0,0,5,0,0,5
"C1","MARS",1,0.815377901588295,0.0295699769465001,5,1.12646616892735,0.093699242977476,5,0,0,5,0,0,5
"C1","RF",100,0.878947808876391,0.0140911593625737,5,0.954323345197938,0.0650553560992689,5,0,0,5,0,0,5
"C1","RF",50,0.879726355342877,0.0128499386113474,5,0.945319219576957,0.0560019496971292,5,-0.000778546466485897,0.0032979288912978,5,-0.00900412562098163,0.0117183752313313,5
"C1","RF",25,0.885444300048392,0.0140882064401157,5,0.92181532783698,0.0589692756445876,5,-0.00649649117200106,0.00467279699273521,5,-0.0325080173609579,0.0176232004757373,5
"C1","RF",10,0.89764398695956,0.00984066530011262,5,0.869444147228197,0.0518009466453481,5,-0.0186961780831691,0.0050007527036425,5,-0.0848791979697416,0.0163367048356119,5
"C1","RF",5,0.909186353371285,0.0133971451608905,5,0.81216303175075,0.0528545575895004,5,-0.030238544494894,0.0133907906156884,5,-0.142160313447189,0.0559678562677303,5
"C1","RF",1,0.85655098347728,0.0538291237963912,5,1.00743882423579,0.196601871403411,5,0.0223968253991114,0.0493686567860706,5,0.0531154790378508,0.198588999864251,5
"C1","TREE",100,0.800992243948587,0.0369510644457083,5,1.17767474671783,0.130535774779481,5,0,0,5,0,0,5
"C1","TREE",50,0.800284521192055,0.0365958687089108,5,1.17948638855536,0.127859171398352,5,0.000707722756532192,0.00414269052439898,5,0.0018116418375238,0.0124719127125877,5
"C1","TREE",25,0.800284521192055,0.0365958687089108,5,1.17948638855536,0.127859171398352,5,0.000707722756532192,0.00414269052439898,5,0.0018116418375238,0.0124719127125877,5
"C1","TREE",10,0.800284521192055,0.0365958687089108,5,1.17948638855536,0.127859171398352,5,0.000707722756532192,0.00414269052439898,5,0.0018116418375238,0.0124719127125877,5
"C1","TREE",5,0.800284521192055,0.0365958687089108,5,1.17948638855536,0.127859171398352,5,0.000707722756532192,0.00414269052439898,5,0.0018116418375238,0.0124719127125877,5
"C1","TREE",1,0.66685495627352,0.0707756179551228,5,1.44463817944613,0.122059185840606,5,0.134137287675067,0.0650820943893529,5,0.266963432728301,0.110116229357477,5
"C2","BAGGING",100,0.769488096724301,0.0131798587060007,5,0.680584568838583,0.022051449901628,5,0,0,5,0,0,5
"C2","BAGGING",50,0.7705320351308,0.0161455627915033,5,0.677798534072554,0.0234591938240691,5,-0.00104393840649883,0.00364406474092952,5,-0.00278603476602892,0.00294048278564334,5
"C2","BAGGING",25,0.764381504653284,0.0201025133907832,5,0.678740923424557,0.0245956257010373,5,0.00510659207101742,0.0108493268811836,5,-0.00184364541402637,0.00741395876223853,5
"C2","BAGGING",10,0.756605869462286,0.0248496341028158,5,0.678357507117381,0.0293686083390579,5,0.0128822272620153,0.0127811488568596,5,-0.00222706172120242,0.00799290972659183,5
"C2","BAGGING",5,0.739990685510844,0.0242360065646095,5,0.685069444805002,0.0274325821231167,5,0.0294974112134578,0.0139826357679197,5,0.00448487596641931,0.00658554357532821,5
"C2","BAGGING",1,0.596800580694652,0.0253261879129335,5,0.768612109386606,0.0262177805304601,5,0.17268751602965,0.0160517291435345,5,0.0880275405480228,0.0100377134170309,5
"C2","BOOSTING",100,0.755521082481215,0.0132266053611522,5,0.696006458592696,0.0254010121232595,5,0,0,5,0,0,5
"C2","BOOSTING",50,0.750295684719491,0.0157810638929965,5,0.699898093996944,0.0241625014219819,5,0.00522539776172366,0.0045862034073737,5,0.00389163540424782,0.00483310874707659,5
"C2","BOOSTING",25,0.748282868036059,0.0183105117595684,5,0.703099161676731,0.0217316352811016,5,0.00723821444515591,0.00800297997155039,5,0.00709270308403465,0.00462690261164279,5
"C2","BOOSTING",10,0.743155204302053,0.0143751146175879,5,0.70335820552939,0.0253777010455053,5,0.0123658781791623,0.00215798959898303,5,0.0073517469366938,0.00134167424478784,5
"C2","BOOSTING",5,0.732208178184038,0.0137363411813354,5,0.709647125774637,0.0233233452932719,5,0.0233129042971772,0.00427956701406626,5,0.0136406671819406,0.00321149353301312,5
"C2","BOOSTING",1,0.651509890748792,0.0329938095752604,5,0.747125713783481,0.0315428195884692,5,0.104011191732423,0.0225613568445841,5,0.0511192551907855,0.0127545029617456,5
"C2","GBLUP",100,0.747993255208468,0.0286609978741787,5,0.635130715368587,0.0256289742417392,5,0,0,5,0,0,5
"C2","GBLUP",50,0.742224222956329,0.0328953325585376,5,0.641218650336939,0.0300533965479166,5,0.0057690322521389,0.00559101639407863,5,0.00608793496835207,0.00687167625790749,5
"C2","GBLUP",25,0.742967704881232,0.0319799558394104,5,0.640874036719424,0.0305111738371876,5,0.00502555032723631,0.00814005803042997,5,0.00574332135083715,0.00928897455616642,5
"C2","GBLUP",10,0.736363600029533,0.0245084826640509,5,0.648564307402844,0.0285900952555113,5,0.0116296551789352,0.0164907448895597,5,0.0134335920342568,0.016206060637954,5
"C2","GBLUP",5,0.710893670047823,0.0306517313917617,5,0.675483237953235,0.0295227220400353,5,0.0370995851606458,0.0119672159409783,5,0.0403525225846482,0.0101911125822399,5
"C2","GBLUP",1,0.472099928326039,0.0606262587508832,5,0.846470767233987,0.0356518641356493,5,0.275893326882429,0.0608728871204253,5,0.2113400518654,0.0351569105801758,5
"C2","MARS",100,0.542679814135486,0.0598246009125492,5,0.814983241101796,0.0464290213229467,5,0,0,5,0,0,5
"C2","MARS",50,0.542679814135486,0.0598246009125492,5,0.814983241101796,0.0464290213229467,5,0,0,5,0,0,5
"C2","MARS",25,0.542679814135486,0.0598246009125492,5,0.814983241101796,0.0464290213229467,5,0,0,5,0,0,5
"C2","MARS",10,0.542679814135486,0.0598246009125492,5,0.814983241101796,0.0464290213229467,5,0,0,5,0,0,5
"C2","MARS",5,0.542679814135486,0.0598246009125492,5,0.814983241101796,0.0464290213229467,5,0,0,5,0,0,5
"C2","MARS",1,0.542679814135486,0.0598246009125492,5,0.814983241101796,0.0464290213229467,5,0,0,5,0,0,5
"C2","RF",100,0.773628581257954,0.0132466737020924,5,0.677480305639278,0.0237857754469457,5,0,0,5,0,0,5
"C2","RF",50,0.770641922376763,0.0169932355843669,5,0.675397089807991,0.0237376270903173,5,0.00298665888119118,0.00695401867109463,5,-0.00208321583128686,0.00332924055426209,5
"C2","RF",25,0.763299838777138,0.0220641097510145,5,0.678488947263115,0.02922412141716,5,0.0103287424808154,0.0104261271173325,5,0.00100864162383743,0.00600504273400958,5
"C2","RF",10,0.754354781112349,0.025481697263936,5,0.677359934810818,0.028679401714236,5,0.0192738001456048,0.0155528447207263,5,-0.00012037082845997,0.00862230643083371,5
"C2","RF",5,0.727362459280682,0.0340266665764333,5,0.69124049418808,0.0344046096260388,5,0.0462661219772715,0.0241029083123283,5,0.0137601885488022,0.0128295638927617,5
"C2","RF",1,0.571856387054158,0.0586033478854602,5,0.782911263423094,0.0490202418323643,5,0.201772194203795,0.0473306638468614,5,0.105430957783816,0.0261748665162042,5
"C2","TREE",100,0.342394523263498,0.0644567701257959,5,0.959546823661428,0.0580643394012498,5,0,0,5,0,0,5
"C2","TREE",50,0.34309714126977,0.064468932085537,5,0.959166548356235,0.0583945464419315,5,-0.000702618006271705,0.00157110162423599,5,-0.000380275305193312,0.000850321432576165,5
"C2","TREE",25,0.34309714126977,0.064468932085537,5,0.959166548356235,0.0583945464419315,5,-0.000702618006271705,0.00157110162423599,5,-0.000380275305193312,0.000850321432576165,5
"C2","TREE",10,0.34491844762509,0.0640979976849466,5,0.960723492771322,0.0587498928662554,5,-0.0025239243615916,0.00398182595210502,5,0.00117666910989436,0.00378465254397243,5
"C2","TREE",5,0.34309714126977,0.064468932085537,5,0.959166548356235,0.0583945464419315,5,-0.000702618006271705,0.00157110162423599,5,-0.000380275305193312,0.000850321432576165,5
"C2","TREE",1,0.316498990363463,0.0302320165930794,5,0.932180704268099,0.0200856655611138,5,0.0258955329000353,0.0531663621568616,5,-0.0273661193933295,0.0405306489682403,5
"C3","BAGGING",100,0.780958236160545,0.0349953852957481,5,0.479367988765284,0.0332043558216751,5,0,0,5,0,0,5
"C3","BAGGING",50,0.782194613657074,0.0350958148239424,5,0.476990198315711,0.0335299062187299,5,-0.00123637749652838,0.00699508715312914,5,-0.0023777904495727,0.00505186889419477,5
"C3","BAGGING",25,0.775037421082104,0.0412778675087914,5,0.480255852276607,0.0353008282848814,5,0.00592081507844087,0.00859165773641667,5,0.000887863511323428,0.00495248021473439,5
"C3","BAGGING",10,0.766520606939057,0.0461597256740182,5,0.479344201549455,0.0396474259115802,5,0.0144376292214884,0.013453143365372,5,-2.37872158288299e-05,0.00985324685960808,5
"C3","BAGGING",5,0.749914717990941,0.0514294518221125,5,0.485422920663839,0.0429815979150884,5,0.0310435181696038,0.0204679947658502,5,0.00605493189855536,0.0113869780165334,5
"C3","BAGGING",1,0.646715351819755,0.0681597010830636,5,0.532768249955869,0.0536182562751101,5,0.13424288434079,0.0737782711052131,5,0.0534002611905855,0.041427807313108,5
"C3","BOOSTING",100,0.775894553869751,0.0273244537105945,5,0.483977845436588,0.0302442259258734,5,0,0,5,0,0,5
"C3","BOOSTING",50,0.775495547072489,0.0277260481512684,5,0.483445218915054,0.0298282747860518,5,0.000399006797262058,0.0071076919255914,5,-0.000532626521534907,0.00361973453225959,5
"C3","BOOSTING",25,0.77270342059628,0.037140971094262,5,0.485093518772486,0.0332804682220964,5,0.00319113327347111,0.0149045962300391,5,0.00111567333589734,0.00743544547253166,5
"C3","BOOSTING",10,0.770513440028403,0.032701201734258,5,0.48522901792413,0.0330171637033916,5,0.00538111384134821,0.00620270966827768,5,0.00125117248754125,0.00384072660778319,5
"C3","BOOSTING",5,0.757528359116426,0.0344154508071635,5,0.491009828464822,0.0333769111005594,5,0.0183661947533253,0.0102494290601576,5,0.00703198302823324,0.00365495529842056,5
"C3","BOOSTING",1,0.664638380664742,0.0482414113781578,5,0.531283831849232,0.0419221285985676,5,0.111256173205009,0.021870637012028,5,0.0473059864126439,0.0128638139097278,5
"C3","GBLUP",100,0.805637470635843,0.02040215138862,5,0.414013294226471,0.0233976439126451,5,0,0,5,0,0,5
"C3","GBLUP",50,0.801274600770343,0.0214980393197135,5,0.418691119208481,0.0247722354031823,5,0.00436286986550019,0.00215781768334653,5,0.00467782498201003,0.00256611034623481,5
"C3","GBLUP",25,0.797164180877988,0.0252795308228817,5,0.423761588430167,0.0284775818447611,5,0.00847328975785553,0.00656068451576166,5,0.00974829420369595,0.0059691200511737,5
"C3","GBLUP",10,0.776687326886709,0.0267348349321057,5,0.444223473335901,0.0284889653546646,5,0.0289501437491345,0.00757192056572539,5,0.0302101791094298,0.00555361870262955,5
"C3","GBLUP",5,0.735793047542313,0.0232220522825905,5,0.479325565991344,0.0251245078130957,5,0.0698444230935307,0.0144778707510673,5,0.0653122717648725,0.0102524325933256,5
"C3","GBLUP",1,0.616520898056011,0.0429241493379549,5,0.558393031601214,0.0364665498999027,5,0.189116572579833,0.0512482340480571,5,0.144379737374742,0.0349276130120437,5
"C3","MARS",100,0.568836989218298,0.035346083867837,5,0.593724116773569,0.0302807425965352,5,0,0,5,0,0,5
"C3","MARS",50,0.568836989218298,0.035346083867837,5,0.593724116773569,0.0302807425965352,5,0,0,5,0,0,5
"C3","MARS",25,0.568836989218298,0.035346083867837,5,0.593724116773569,0.0302807425965352,5,0,0,5,0,0,5
"C3","MARS",10,0.568836989218298,0.035346083867837,5,0.593724116773569,0.0302807425965352,5,0,0,5,0,0,5
"C3","MARS",5,0.568836989218298,0.035346083867837,5,0.593724116773569,0.0302807425965352,5,0,0,5,0,0,5
"C3","MARS",1,0.568836989218298,0.035346083867837,5,0.593724116773569,0.0302807425965352,5,0,0,5,0,0,5
"C3","RF",100,0.782165680356451,0.0363210962808215,5,0.479287789007552,0.034348342332326,5,0,0,5,0,0,5
"C3","RF",50,0.783188922241609,0.0324939189696254,5,0.47484117776276,0.034227275961968,5,-0.0010232418851577,0.00661548171692357,5,-0.0044466112447923,0.00202704789779968,5
"C3","RF",25,0.780750002647244,0.04758368369461,5,0.473895423840944,0.0394913212392565,5,0.00141567770920725,0.0122317345981014,5,-0.00539236516660827,0.00641415161038001,5
"C3","RF",10,0.771050612721826,0.0446304959529332,5,0.477076458382316,0.0394196155735593,5,0.0111150676346253,0.0103917141393736,5,-0.00221133062523583,0.00591297019823869,5
"C3","RF",5,0.740390549018805,0.0504592016647485,5,0.491352483865431,0.0418463702254031,5,0.041775131337646,0.0178568926658607,5,0.0120646948578791,0.00796731357262179,5
"C3","RF",1,0.611356933004137,0.0626430545730714,5,0.553590722934225,0.0442021012230193,5,0.170808747352314,0.0497538434018606,5,0.0743029339266732,0.0239443292848367,5
"C3","TREE",100,0.358074328215802,0.0611871318318084,5,0.725193171658705,0.0365235591024799,5,0,0,5,0,0,5
"C3","TREE",50,0.356303858912141,0.0573284509992741,5,0.726939095874662,0.0338188459769914,5,0.00177046930366119,0.00516795141260255,5,0.00174592421595665,0.0036135096434501,5
"C3","TREE",25,0.356303858912141,0.0573284509992741,5,0.726939095874662,0.0338188459769914,5,0.00177046930366119,0.00516795141260255,5,0.00174592421595665,0.0036135096434501,5
"C3","TREE",10,0.356303858912141,0.0573284509992741,5,0.726939095874662,0.0338188459769914,5,0.00177046930366119,0.00516795141260255,5,0.00174592421595665,0.0036135096434501,5
"C3","TREE",5,0.356303858912141,0.0573284509992741,5,0.726939095874662,0.0338188459769914,5,0.00177046930366119,0.00516795141260255,5,0.00174592421595665,0.0036135096434501,5
"C3","TREE",1,0.312092240221396,0.0848398207375923,5,0.688597430952946,0.0357491569865069,5,0.0459820879944065,0.0562650566817512,5,-0.0365957407057588,0.0206231766072766,5
"C4","BAGGING",100,0.836151501013272,0.0133024369973734,5,0.366291580724033,0.0154599385804995,5,0,0,5,0,0,5
"C4","BAGGING",50,0.838583834119728,0.0155958755051639,5,0.36440239002037,0.0152273134497765,5,-0.00243233310645525,0.00553338470749968,5,-0.00188919070366333,0.00429597965333678,5
"C4","BAGGING",25,0.831842876130646,0.0134410684997245,5,0.365376945976064,0.0126492722983339,5,0.00430862488262638,0.0108731240814953,5,-0.000914634747969278,0.00474885050909528,5
"C4","BAGGING",10,0.828510314668491,0.010996224403872,5,0.363033036093268,0.0140047638894842,5,0.00764118634478155,0.00849631575942151,5,-0.00325854463076529,0.0058666388553738,5
"C4","BAGGING",5,0.808095398499674,0.0144769219454356,5,0.369633036838904,0.0116351116520826,5,0.0280561025135987,0.00628979114251208,5,0.00334145611487094,0.00580585881569931,5
"C4","BAGGING",1,0.700320938087076,0.0188068587395285,5,0.420909058692956,0.0245909944022185,5,0.135830562926196,0.0210536489167688,5,0.0546174779689226,0.011045101759273,5
"C4","BOOSTING",100,0.826709667129269,0.0172223392421628,5,0.372188221966695,0.0144504704328649,5,0,0,5,0,0,5
"C4","BOOSTING",50,0.825321106014045,0.0161872054171656,5,0.372933495232911,0.0147172895011571,5,0.00138856111522359,0.00578872339864472,5,0.00074527326621594,0.00219822502902179,5
"C4","BOOSTING",25,0.824882151251892,0.0173318666716232,5,0.372572855259103,0.0142513130321146,5,0.00182751587737702,0.00803788159036419,5,0.000384633292407566,0.00294804132787766,5
"C4","BOOSTING",10,0.811111199711117,0.0182345634587338,5,0.378189139848707,0.0160262827609305,5,0.0155984674181522,0.00443985560277274,5,0.0060009178820122,0.00232992951855953,5
"C4","BOOSTING",5,0.804277025620026,0.0203814328965537,5,0.381063451206208,0.0136937591604941,5,0.0224326415092431,0.00626419165085097,5,0.00887522923951319,0.00202458502768517,5
"C4","BOOSTING",1,0.726052957152957,0.0265632608286859,5,0.41356798781417,0.0116047861439799,5,0.100656709976312,0.0169105564907119,5,0.0413797658474754,0.00688991698515177,5
"C4","GBLUP",100,0.850559025680089,0.0158895811873427,5,0.309947451189813,0.0111846872956031,5,0,0,5,0,0,5
"C4","GBLUP",50,0.843344591253277,0.0177111784694214,5,0.317516162698938,0.0124157888363102,5,0.00721443442681211,0.00262730887105215,5,0.00756871150912437,0.00369711150696506,5
"C4","GBLUP",25,0.834054768623519,0.0142725839618947,5,0.328150182388708,0.010060317364006,5,0.0165042570565702,0.00366780683194639,5,0.0182027311988943,0.002903477557096,5
"C4","GBLUP",10,0.818410725212428,0.015230252458914,5,0.344826803788166,0.00873200455441542,5,0.0321483004676616,0.00659018031862172,5,0.0348793525983524,0.00625709584168749,5
"C4","GBLUP",5,0.783255970804891,0.0305572801693379,5,0.37610359071107,0.0201412469625927,5,0.0673030548751984,0.0177090652229661,5,0.0661561395212561,0.0155462326215476,5
"C4","GBLUP",1,0.63188432749012,0.0458637604975612,5,0.466717652769705,0.0157874495453719,5,0.218674698189969,0.0385283424375108,5,0.156770201579892,0.0146849718093167,5
"C4","MARS",100,0.622925860777418,0.0446918974689534,5,0.479492874630868,0.0291923664815147,5,0,0,5,0,0,5
"C4","MARS",50,0.622925860777418,0.0446918974689534,5,0.479492874630868,0.0291923664815147,5,0,0,5,0,0,5
"C4","MARS",25,0.622925860777418,0.0446918974689534,5,0.479492874630868,0.0291923664815147,5,0,0,5,0,0,5
"C4","MARS",10,0.622925860777418,0.0446918974689534,5,0.479492874630868,0.0291923664815147,5,0,0,5,0,0,5
"C4","MARS",5,0.622925860777418,0.0446918974689534,5,0.479492874630868,0.0291923664815147,5,0,0,5,0,0,5
"C4","MARS",1,0.622925860777418,0.0446918974689534,5,0.479492874630868,0.0291923664815147,5,0,0,5,0,0,5
"C4","RF",100,0.839936997288356,0.0125429503798596,5,0.364953082320519,0.016307718603406,5,0,0,5,0,0,5
"C4","RF",50,0.83400287778988,0.0123604505690515,5,0.367909133414756,0.0161745972477343,5,0.00593411949847673,0.00443485282671242,5,0.00295605109423633,0.000566614976010314,5
"C4","RF",25,0.828429677470319,0.0168532311627717,5,0.367029674304227,0.013888831671303,5,0.0115073198180371,0.00789712973966651,5,0.0020765919837079,0.00335685816473974,5
"C4","RF",10,0.818231590312127,0.010120018294518,5,0.369812085303137,0.0158593696400549,5,0.0217054069762296,0.00460276585789652,5,0.00485900298261799,0.00261652353806493,5
"C4","RF",5,0.795577857527981,0.0170196095454044,5,0.379615430614813,0.0172219323828798,5,0.0443591397603754,0.00979575560567186,5,0.0146623482942935,0.00887918538760297,5
"C4","RF",1,0.701833068036192,0.0233359361951146,5,0.421024368056137,0.0242031306411586,5,0.138103929252165,0.0186582448548979,5,0.0560712857356177,0.0104946095230503,5
"C4","TREE",100,0.422198693691972,0.0257114599912686,5,0.613714847093968,0.0317196173932163,5,0,0,5,0,0,5
"C4","TREE",50,0.426272264650633,0.0236370073016839,5,0.611636552223123,0.033736546656846,5,-0.00407357095866053,0.00925433610199634,5,-0.00207829487084465,0.00467316783219305,5
"C4","TREE",25,0.426272264650633,0.0236370073016839,5,0.611636552223123,0.033736546656846,5,-0.00407357095866053,0.00925433610199634,5,-0.00207829487084465,0.00467316783219305,5
"C4","TREE",10,0.426272264650633,0.0236370073016839,5,0.611636552223123,0.033736546656846,5,-0.00407357095866053,0.00925433610199634,5,-0.00207829487084465,0.00467316783219305,5
"C4","TREE",5,0.426272264650633,0.0236370073016839,5,0.611636552223123,0.033736546656846,5,-0.00407357095866053,0.00925433610199634,5,-0.00207829487084465,0.00467316783219305,5
"C4","TREE",1,0.321666118193744,0.031206778249659,5,0.574192132706608,0.0209976504708376,5,0.100532575498228,0.0554009018763396,5,-0.0395227143873597,0.0251990264728469,5
"C5","BAGGING",100,0.832360245281031,0.0206382090005067,5,0.287225630235322,0.02300938307847,5,0,0,5,0,0,5
"C5","BAGGING",50,0.829237623634152,0.0182823305828338,5,0.28711525390763,0.0206951897920432,5,0.00312262164687891,0.0152250258031201,5,-0.000110376327692441,0.00592647264887026,5
"C5","BAGGING",25,0.823204364445852,0.0189312164132982,5,0.288823965754236,0.0214818772692779,5,0.00915588083517933,0.013567025423064,5,0.0015983355189133,0.00585346640530134,5
"C5","BAGGING",10,0.807275349170058,0.020894753479913,5,0.291672359230492,0.0199714047832037,5,0.0250848961109734,0.020823929055668,5,0.0044467289951698,0.00774833398568318,5
"C5","BAGGING",5,0.783520912740267,0.0325783915761564,5,0.301059745394824,0.0210262789775973,5,0.0488393325407642,0.0304969104714573,5,0.0138341151595013,0.0113130293589734,5
"C5","BAGGING",1,0.667599299264956,0.0591803824621793,5,0.353101595556193,0.0261394179175303,5,0.164760946016076,0.05378472383164,5,0.0658759653208712,0.0294320285848406,5
"C5","BOOSTING",100,0.836414995496392,0.0166920134981907,5,0.279030018482963,0.0228860556105,5,0,0,5,0,0,5
"C5","BOOSTING",50,0.833217817111825,0.0169409193250978,5,0.280633086617424,0.0226742419017976,5,0.00319717838456672,0.00364600166372806,5,0.00160306813446097,0.00146056980169988,5
"C5","BOOSTING",25,0.832092620180038,0.0160222118040245,5,0.280595597311762,0.0226022231236551,5,0.00432237531635438,0.00486422841233765,5,0.00156557882879854,0.00249155043849386,5
"C5","BOOSTING",10,0.822031831246976,0.0185525001239047,5,0.283633067588921,0.0222424869757559,5,0.0143831642494163,0.00628323186171745,5,0.00460304910595806,0.00361036275184515,5
"C5","BOOSTING",5,0.810121176684971,0.0176081254908986,5,0.288676048181245,0.0246702476720598,5,0.0262938188114207,0.00822899331697129,5,0.0096460296982816,0.00418299605827152,5
"C5","BOOSTING",1,0.730096844221372,0.0181998825931087,5,0.323981635459341,0.0244655976336343,5,0.10631815127502,0.016936485170333,5,0.0449516169763781,0.00731103828971424,5
"C5","GBLUP",100,0.857713094442199,0.015123727695261,5,0.242641223567225,0.0102302333501646,5,0,0,5,0,0,5
"C5","GBLUP",50,0.845326869587419,0.0178074571655626,5,0.25406857687742,0.009062841465551,5,0.01238622485478,0.0032343196462119,5,0.0114273533101953,0.00347382470901482,5
"C5","GBLUP",25,0.836512632999897,0.0111470816566242,5,0.264814600522862,0.00703812987275236,5,0.0212004614423014,0.0108027560657917,5,0.0221733769556372,0.0113698173736266,5
"C5","GBLUP",10,0.82271064054434,0.0181521063854225,5,0.277502321428472,0.010525560332049,5,0.0350024538978584,0.0182043215840317,5,0.0348610978612467,0.0176598468877665,5
"C5","GBLUP",5,0.803389725935916,0.0202634852477032,5,0.290513206520623,0.00758380397346812,5,0.054323368506283,0.0142958581352806,5,0.0478719829533985,0.0122228455037218,5
"C5","GBLUP",1,0.600313238212563,0.0274695819348445,5,0.391726308002052,0.0173652034001579,5,0.257399856229636,0.0312437158744587,5,0.149085084434827,0.0197769857312655,5
"C5","MARS",100,0.617712202569341,0.0532492391822104,5,0.400258629742086,0.0371581370379568,5,0,0,5,0,0,5
"C5","MARS",50,0.617712202569341,0.0532492391822104,5,0.400258629742086,0.0371581370379568,5,0,0,5,0,0,5
"C5","MARS",25,0.617712202569341,0.0532492391822104,5,0.400258629742086,0.0371581370379568,5,0,0,5,0,0,5
"C5","MARS",10,0.617712202569341,0.0532492391822104,5,0.400258629742086,0.0371581370379568,5,0,0,5,0,0,5
"C5","MARS",5,0.617712202569341,0.0532492391822104,5,0.400258629742086,0.0371581370379568,5,0,0,5,0,0,5
"C5","MARS",1,0.617712202569341,0.0532492391822104,5,0.400258629742086,0.0371581370379568,5,0,0,5,0,0,5
"C5","RF",100,0.827613301463965,0.0128699200400538,5,0.287897321462187,0.0196494004490847,5,0,0,5,0,0,5
"C5","RF",50,0.825714372749,0.0137906052722803,5,0.287849818313113,0.0195548505543168,5,0.00189892871496522,0.00424687285583469,5,-4.75031490747013e-05,0.00272662907613289,5
"C5","RF",25,0.818618623362491,0.0152053694759257,5,0.289145080764595,0.0205504742018148,5,0.00899467810147476,0.00517233485184155,5,0.00124775930240789,0.00268693832811123,5
"C5","RF",10,0.806427109735314,0.00899113208579972,5,0.293913300188668,0.0182778674768641,5,0.0211861917286513,0.00616771567869642,5,0.00601597872648031,0.00238297111352257,5
"C5","RF",5,0.788567414951168,0.0152077200209127,5,0.300232667332513,0.0214740965807159,5,0.0390458865127977,0.0169528892337112,5,0.0123353458703253,0.00766887682867173,5
"C5","RF",1,0.686655512764587,0.0146101586939997,5,0.343232168379906,0.0158108128212803,5,0.140957788699378,0.0222545165837393,5,0.055334846917719,0.0100653003024673,5
"C5","TREE",100,0.373457578340617,0.0661770051732982,5,0.537460810518445,0.0257101539809321,5,0,0,5,0,0,5
"C5","TREE",50,0.372636099059638,0.0663144233220881,5,0.537700963360258,0.0257789162265418,5,0.000821479280979687,0.00183688351438229,5,0.000240152841813202,0.000536998079289348,5
"C5","TREE",25,0.372636099059638,0.0663144233220881,5,0.537700963360258,0.0257789162265418,5,0.000821479280979687,0.00183688351438229,5,0.000240152841813202,0.000536998079289348,5
"C5","TREE",10,0.372636099059638,0.0663144233220881,5,0.537700963360258,0.0257789162265418,5,0.000821479280979687,0.00183688351438229,5,0.000240152841813202,0.000536998079289348,5
"C5","TREE",5,0.372636099059638,0.0663144233220881,5,0.537700963360258,0.0257789162265418,5,0.000821479280979687,0.00183688351438229,5,0.000240152841813202,0.000536998079289348,5
"C5","TREE",1,0.311190003426091,0.0555777142865992,5,0.469064393866395,0.0290838598847734,5,0.0622675749145262,0.107141309589711,5,-0.0683964166520498,0.0244041589823532,5
"C6","BAGGING",100,0.852527959999322,0.0162741873861965,5,0.235262905595828,0.0192949585183261,5,0,0,5,0,0,5
"C6","BAGGING",50,0.851878617465947,0.0210456173786498,5,0.234638272011443,0.0204613036515834,5,0.000649342533375163,0.00495660373647797,5,-0.000624633584384693,0.00214347743990582,5
"C6","BAGGING",25,0.840239835028015,0.0239596506628496,5,0.237671307544749,0.0183885396100927,5,0.0122881249713072,0.00957828177283151,5,0.00240840194892044,0.00483486504519215,5
"C6","BAGGING",10,0.829237402706,0.0306536358340448,5,0.240381361062371,0.0234052204993943,5,0.0232905572933221,0.0144589766710269,5,0.00511845546654255,0.00778264953724325,5
"C6","BAGGING",5,0.811074092222968,0.0349722981837459,5,0.246659284112595,0.0214724026851833,5,0.041453867776354,0.0218299752249045,5,0.0113963785167668,0.0112558518901248,5
"C6","BAGGING",1,0.685830931038857,0.0518369065476042,5,0.302123624664936,0.0216402690679813,5,0.166697028960465,0.0479795315559222,5,0.066860719069108,0.0192058776548661,5
"C6","BOOSTING",100,0.875423649644933,0.0163608434110872,5,0.225158591993239,0.018837420954866,5,0,0,5,0,0,5
"C6","BOOSTING",50,0.871209102281829,0.0185949714988432,5,0.227396937830932,0.0191424966306073,5,0.00421454736310403,0.00543288408671398,5,0.00223834583769265,0.00257455041446048,5
"C6","BOOSTING",25,0.865238908742364,0.0145078345399348,5,0.229264914850719,0.0161704004620287,5,0.0101847409025696,0.00950433240076882,5,0.00410632285748006,0.003751083679669,5
"C6","BOOSTING",10,0.859943293691517,0.0208725210343135,5,0.229843926195626,0.0174153831617488,5,0.0154803559534164,0.010261403405582,5,0.00468533420238669,0.0043061349356504,5
"C6","BOOSTING",5,0.848117221153685,0.018312524954023,5,0.234424396489762,0.0188108791430048,5,0.0273064284912482,0.0071510889359872,5,0.00926580449652319,0.00359531210997945,5
"C6","BOOSTING",1,0.773184288529547,0.0139240148358123,5,0.264823056990251,0.0172863402126531,5,0.102239361115386,0.0117648866205831,5,0.0396644649970125,0.00703899195115936,5
"C6","GBLUP",100,0.892961087042525,0.00974655049745995,5,0.187332306319251,0.0109343032115664,5,0,0,5,0,0,5
"C6","GBLUP",50,0.882852467795017,0.00967920023682332,5,0.195542241074938,0.0104518192979277,5,0.0101086192475073,0.00180062023312893,5,0.00820993475568677,0.00381575936648813,5
"C6","GBLUP",25,0.871302534916774,0.0149139691694847,5,0.206594078230255,0.0159520937109418,5,0.0216585521257507,0.0086669063739913,5,0.0192617719110037,0.00911074847433313,5
"C6","GBLUP",10,0.840203797192188,0.0129246922282326,5,0.231361395536181,0.0161423005943283,5,0.0527572898503367,0.0135378061953617,5,0.0440290892169298,0.0080387929819729,5
"C6","GBLUP",5,0.805827519085563,0.0101940007871036,5,0.252418941354834,0.0128413167328262,5,0.0871335679569619,0.0133853993235189,5,0.065086635035583,0.0049596576566088,5
"C6","GBLUP",1,0.578389057451808,0.0464388644278451,5,0.34436135736735,0.0123416166965256,5,0.314572029590717,0.0470039581012805,5,0.157029051048099,0.0179277599185278,5
"C6","MARS",100,0.655474974686751,0.0478065744520354,5,0.336321434939511,0.0260073552099203,5,0,0,5,0,0,5
"C6","MARS",50,0.655474974686751,0.0478065744520354,5,0.336321434939511,0.0260073552099203,5,0,0,5,0,0,5
"C6","MARS",25,0.655474974686751,0.0478065744520354,5,0.336321434939511,0.0260073552099203,5,0,0,5,0,0,5
"C6","MARS",10,0.655474974686751,0.0478065744520354,5,0.336321434939511,0.0260073552099203,5,0,0,5,0,0,5
"C6","MARS",5,0.655474974686751,0.0478065744520354,5,0.336321434939511,0.0260073552099203,5,0,0,5,0,0,5
"C6","MARS",1,0.655474974686751,0.0478065744520354,5,0.336321434939511,0.0260073552099203,5,0,0,5,0,0,5
"C6","RF",100,0.853054880067749,0.0228966997387603,5,0.235352550125801,0.020423220117765,5,0,0,5,0,0,5
"C6","RF",50,0.848895735923325,0.0264219324391958,5,0.234639868132801,0.0220507437256803,5,0.00415914414442422,0.00568784485810076,5,-0.000712681992999786,0.00355212613213713,5
"C6","RF",25,0.843938514080894,0.023172704007337,5,0.235216712686412,0.0181142190375333,5,0.00911636598685426,0.00884698076213146,5,-0.000135837439388864,0.00466009470365942,5
"C6","RF",10,0.821287134710266,0.0323571011247509,5,0.242721082859714,0.0213608030676906,5,0.0317677453574831,0.0144415669443238,5,0.00736853273391267,0.00841495687395453,5
"C6","RF",5,0.800282805508075,0.0354266619531646,5,0.251103337121014,0.0231259363531516,5,0.0527720745596735,0.0168978778419869,5,0.0157507869952126,0.0092056098577846,5
"C6","RF",1,0.675236756805089,0.0684295981504884,5,0.306920217833284,0.0346572215010471,5,0.17781812326266,0.0553028629137709,5,0.071567667707483,0.0250531888475112,5
"C6","TREE",100,0.408431220487796,0.119013813980924,5,0.442455078402252,0.0355674157637001,5,0,0,5,0,0,5
"C6","TREE",50,0.408431220487796,0.119013813980919,5,0.442455078402251,0.0355674157637016,5,-1.33226762955019e-16,6.99138653565699e-15,5,-9.99200722162641e-16,2.29986390885746e-15,5
"C6","TREE",25,0.413432481038863,0.109108792073429,5,0.442329469866849,0.0353162414585501,5,-0.00500126055106716,0.0111831585653794,5,-0.000125608535403365,0.000280869223713011,5
"C6","TREE",10,0.408431220487796,0.119013813980919,5,0.442455078402251,0.0355674157637016,5,-1.33226762955019e-16,6.99138653565699e-15,5,-9.99200722162641e-16,2.29986390885746e-15,5
"C6","TREE",5,0.408431220487796,0.119013813980919,5,0.442455078402251,0.0355674157637016,5,-1.33226762955019e-16,6.99138653565699e-15,5,-9.99200722162641e-16,2.29986390885746e-15,5
"C6","TREE",1,0.316922138636603,0.0535526405824377,5,0.40696171158001,0.0144753843719543,5,0.091509081851193,0.145182300795829,5,-0.0354933668222424,0.0454583401458744,5
